London	United Kingdom	282
Moscow	Russia	260
Boardman	United States	254
Sao Paulo	Brazil	211
Seoul	South Korea	188
Seattle	United States	179
Berlin	Germany	158
Ashburn	United States	138
San Jose	United States	117
Bengaluru	India	108
Singapore	Singapore	108
Frankfurt	Germany	104
Sydney	Australia	102
Kyiv	Ukraine	102
New York	United States	97
Oslo Municipality	Norway	93
Paris	France	88
Saint Petersburg	Russia	87
Munich	Germany	86
Amsterdam	Netherlands	86
Warsaw	Poland	84
Columbus	United States	84
Dublin	Ireland	83
Tel Aviv-Yafo	Israel	72
Minsk	Belarus	70
Suwon-si	South Korea	67
Bangkok	Thailand	66
Istanbul	Turkey	66
Minato City	Japan	61
Pune	India	60
San Francisco	United States	58
Buenos Aires	Argentina	56
Seongnam-si	South Korea	56
Poznan	Poland	55
Toronto	Canada	54
Stockholm	Sweden	54
Mumbai	India	53
Bentonville	United States	51
Prague	Czechia	50
Hamburg	Germany	50
Krakow	Poland	50
Barcelona	Spain	49
Wroclaw	Poland	49
Shenzhen	China	46
Setagaya City	Japan	46
Los Angeles	United States	46
Madrid	Spain	45
Chennai	India	44
Zurich	Switzerland	43
Shanghai	China	43
Jakarta	Indonesia	43
Tysons	United States	43
Belo Horizonte	Brazil	41
Montreal	Canada	41
Kharkiv	Ukraine	41
Austin	United States	41
Hanoi	Vietnam	40
Chiyoda City	Japan	38
Vienna	Austria	37
Menlo Park	United States	37
Melbourne	Australia	36
Bogota	Colombia	35
Yokohama	Japan	35
Ho Chi Minh City	Vietnam	35
Stuttgart	Germany	34
Hyderabad	India	34
Utrecht	Netherlands	33
Campinas	Brazil	32
Chicago	United States	32
Milan	Italy	31
Lviv	Ukraine	29
Sunnyvale	United States	29
Cologne	Germany	28
Delhi	India	27
Rio de Janeiro	Brazil	25
Novosibirsk	Russia	25
San Diego	United States	25
Porto	Portugal	24
Portland	United States	24
Mountain View	United States	23
Beijing	China	22
Budapest	Hungary	22
Koto City	Japan	22
Lisbon	Portugal	22
Minneapolis	United States	22
Noida	India	21
Mexico City	Mexico	21
Santiago	Chile	20
Gdansk	Poland	20
Bucharest	Romania	20
Gothenburg	Sweden	20
Karlsruhe	Germany	19
Dusseldorf	Germany	19
Yongin-si	South Korea	19
Cluj-Napoca	Romania	19
Kazan	Russia	19
Fremont	United States	19
Porto Alegre	Brazil	18
Florianopolis	Brazil	18
Cairo	Egypt	18
Lucknow	India	18
Auckland	New Zealand	18
Lodz	Poland	18
Vilnius	Lithuania	18
Uberlandia	Brazil	17
Curitiba	Brazil	17
Osasco	Brazil	17
Copenhagen	Denmark	17
Zagreb	Croatia	17
Wuhan	China	16
Shinjuku City	Japan	16
Dnipro	Ukraine	16
Phoenix	United States	16
Bellevue	United States	16
Norderstedt	Germany	15
Manchester	United Kingdom	15
Ahmedabad	India	15
Tehran	Iran	15
Denver	United States	15
Atlanta	United States	15
Pittsburgh	United States	15
Recife	Brazil	14
Vancouver	Canada	14
Xi'an	China	14
Katowice	Poland	14
Belgrade	Serbia	14
Bratislava	Slovakia	14
Brisbane	Australia	13
Fortaleza	Brazil	13
Dresden	Germany	13
Kochi	India	13
Incheon	South Korea	13
Karachi	Pakistan	13
Orlando	United States	13
Santo Andre	Brazil	12
Leipzig	Germany	12
Gurgaon	India	12
Coimbatore	India	12
Kolkata	India	12
Meguro City	Japan	12
Shibuya City	Japan	12
Nairobi	Kenya	12
Krasnodar	Russia	12
Skovde	Sweden	12
Montevideo	Uruguay	12
Da Nang	Vietnam	12
Cordoba	Argentina	11
Brasilia	Brazil	11
Joao Pessoa	Brazil	11
Calgary	Canada	11
Medellin	Colombia	11
Brno	Czechia	11
Lyon	France	11
Patna	India	11
Jaipur	India	11
Kawasaki	Japan	11
Kuala Lumpur	Malaysia	11
Ulyanovsk	Russia	11
Ankara	Turkey	11
Hurlingham	Argentina	11
Tallinn	Estonia	11
Kaunas	Lithuania	11
Guangzhou	China	10
Chengdu	China	10
Helsinki	Finland	10
Brighton	United Kingdom	10
New Delhi	India	10
Shinagawa City	Japan	10
Odesa	Ukraine	10
Irvine	United States	10
Los Gatos	United States	10
Durham	United States	10
Dallas	United States	10
Salvador	Brazil	9
Ottawa	Canada	9
Giza	Egypt	9
Rennes	France	9
Toulouse	France	9
Nantes	France	9
Vijayawada	India	9
Bhubaneswar	India	9
Wellington	New Zealand	9
Voronezh	Russia	9
Boise	United States	9
West Bloomfield Township	United States	9
Cincinnati	United States	9
Cape Town	South Africa	9
Richfield	United States	9
South Tangerang	Indonesia	9
Banska Bystrica	Slovakia	9
Quito	Ecuador	9
Dubai	United Arab Emirates	8
Blumenau	Brazil	8
Indaiatuba	Brazil	8
Nuremberg	Germany	8
Cambridge	United Kingdom	8
Leeds	United Kingdom	8
Surabaya	Indonesia	8
Ghaziabad	India	8
Osaka	Japan	8
Rotterdam	Netherlands	8
Nizhny Novgorod	Russia	8
Yekaterinburg	Russia	8
Tunis	Tunisia	8
Santa Clara	United States	8
Pimpri-Chinchwad	India	8
Trondheim Municipality	Norway	8
Plymouth	United States	8
Tuckahoe	United States	8
Brest	Belarus	8
Moron	Argentina	7
Sofia	Bulgaria	7
Goiania	Brazil	7
Sao Luis	Brazil	7
Americana	Brazil	7
Araraquara	Brazil	7
Quebec City	Canada	7
Zhengzhou	China	7
Leinfelden-Echterdingen	Germany	7
Nanterre	France	7
Birmingham	United Kingdom	7
Brentford	United Kingdom	7
Bristol	United Kingdom	7
York	United Kingdom	7
Ludhiana	India	7
Rome	Italy	7
Kobe	Japan	7
Lagos	Nigeria	7
Eindhoven	Netherlands	7
Szczecin	Poland	7
Sao Domingos de Rana	Portugal	7
Samara	Russia	7
Burbank	United States	7
Pleasanton	United States	7
Boston	United States	7
Jersey City	United States	7
Beaverton	United States	7
San Antonio	United States	7
Baerum	Norway	7
Athens	Greece	7
Almaty	Kazakhstan	7
Accra	Ghana	7
Vitoria	Brazil	6
Aracaju	Brazil	6
Bauru	Brazil	6
Sao Caetano do Sul	Brazil	6
Sorocaba	Brazil	6
Brampton	Canada	6
Kitchener	Canada	6
Mississauga	Canada	6
Jinan	China	6
Dortmund	Germany	6
Malaga	Spain	6
Bordeaux	France	6
Newcastle upon Tyne	United Kingdom	6
Tbilisi	Georgia	6
Bandung	Indonesia	6
Tangerang	Indonesia	6
Indore	India	6
Anyang	South Korea	6
Colombo	Sri Lanka	6
Petaling Jaya	Malaysia	6
The Hague	Netherlands	6
Christchurch	New Zealand	6
Quezon City	Philippines	6
Balashikha	Russia	6
Rostov-on-Don	Russia	6
Tolyatti	Russia	6
Izhevsk	Russia	6
Oakland	United States	6
Aurora	United States	6
Jacksonville	United States	6
Naperville	United States	6
Acton	United States	6
Somerville	United States	6
Maryland Heights	United States	6
Charlotte	United States	6
Houston	United States	6
Irving	United States	6
Washington	United States	6
Bergen Municipality	Norway	6
Riga	Latvia	6
Grodno	Belarus	6
Yerevan	Armenia	6
Mogi das Cruzes	Brazil	6
Abu Dhabi	United Arab Emirates	5
Graz	Austria	5
Baku	Azerbaijan	5
Ghent	Belgium	5
Dhaka	Bangladesh	5
Manaus	Brazil	5
Campina Grande	Brazil	5
Sao Jose dos Campos	Brazil	5
Hangzhou	China	5
Envigado	Colombia	5
Heilbronn	Germany	5
Hanover	Germany	5
Essen	Germany	5
Worms	Germany	5
Erfurt	Germany	5
Granada	Spain	5
Zaragoza	Spain	5
Lannion	France	5
Boulogne-Billancourt	France	5
Nottingham	United Kingdom	5
Watford	United Kingdom	5
Depok	Indonesia	5
Surat	India	5
Turin	Italy	5
Nakano City	Japan	5
Suginami City	Japan	5
Bishkek	Kyrgyzstan	5
Amstelveen	Netherlands	5
Haarlem	Netherlands	5
Cebu City	Philippines	5
Krasnoyarsk	Russia	5
Lipetsk	Russia	5
Omsk	Russia	5
Adana	Turkey	5
Izmir	Turkey	5
Vinnytsia	Ukraine	5
Dublin	United States	5
Long Beach	United States	5
Pasadena	United States	5
Redwood City	United States	5
San Mateo	United States	5
Saint Paul	United States	5
Providence	United States	5
South Jordan	United States	5
Sammamish	United States	5
Novi Sad	Serbia	5
Saitama	Japan	5
Chuo City	Japan	5
Betim	Brazil	5
Meerut	India	5
Navi Mumbai	India	5
Sahibzada Ajit Singh Nagar	India	5
Maple Grove	United States	5
Bengkulu	Indonesia	5
Depok	Indonesia	5
Ljubljana	Slovenia	5
Presov	Slovakia	5
Tijuana	Mexico	5
Son Tay	Vietnam	5
Tandil	Argentina	4
Brussels	Belgium	4
Gomel	Belarus	4
Niteroi	Brazil	4
Natal	Brazil	4
Guarulhos	Brazil	4
Hortolandia	Brazil	4
Sao Bernardo do Campo	Brazil	4
Sao Carlos	Brazil	4
Richmond	Canada	4
Saskatoon	Canada	4
Lausanne	Switzerland	4
Suzhou	China	4
Augsburg	Germany	4
Brunswick	Germany	4
Wolfsburg	Germany	4
Munster	Germany	4
Chemnitz	Germany	4
Jena	Germany	4
Terrassa	Spain	4
Alcobendas	Spain	4
Oulu	Finland	4
Hemel Hempstead	United Kingdom	4
Salford	United Kingdom	4
Slough	United Kingdom	4
Edinburgh	United Kingdom	4
Guatemala City	Guatemala	4
Kozhikode	India	4
Chandigarh	India	4
Edogawa City	Japan	4
Toshima City	Japan	4
Chisinau	Moldova	4
Mazatlan	Mexico	4
Enschede	Netherlands	4
Lahore	Pakistan	4
Makati	Philippines	4
Zielona Gora	Poland	4
Lublin	Poland	4
Bialystok	Poland	4
Rzeszow	Poland	4
Kielce	Poland	4
Vila Nova de Gaia	Portugal	4
Ufa	Russia	4
Saratov	Russia	4
Tver	Russia	4
Solna	Sweden	4
Uzhhorod	Ukraine	4
Cherkasy	Ukraine	4
Tucson	United States	4
Alameda	United States	4
Concord	United States	4
Newark	United States	4
Santa Ana	United States	4
Saratoga	United States	4
Tustin	United States	4
Boulder	United States	4
Washington	United States	4
Honolulu	United States	4
Nampa	United States	4
Indianapolis	United States	4
Coffeyville	United States	4
Overland Park	United States	4
Arlington	United States	4
Billerica	United States	4
Ann Arbor	United States	4
Warren	United States	4
Eden Prairie	United States	4
Minnetonka	United States	4
Chesterfield	United States	4
Raleigh	United States	4
Statesville	United States	4
Philadelphia	United States	4
Franklin	United States	4
Carrollton	United States	4
Frisco	United States	4
Round Rock	United States	4
Milwaukee	United States	4
Johannesburg	South Africa	4
Nishitokyo	Japan	4
Itabashi City	Japan	4
Bayan Lepas	Malaysia	4
Goyang-si	South Korea	4
Lapa	Brazil	4
Olinda	Brazil	4
Palhoca	Brazil	4
Sumare	Brazil	4
Tirupati	India	4
Tiruchirappalli	India	4
Merlo	Argentina	4
Hamar Municipality	Norway	4
Jaboatao dos Guararapes	Brazil	4
Sartrouville	France	4
Dunwoody	United States	4
Edina	United States	4
Johns Creek	United States	4
Milton	United States	4
North Creek	United States	4
Tartu	Estonia	4
Bekasi Regency	Indonesia	4
Mar del Plata	Argentina	3
Rosario	Argentina	3
Santa Fe	Argentina	3
Newcastle	Australia	3
Gold Coast	Australia	3
Salzburg	Austria	3
Dornbirn	Austria	3
Viciebsk	Belarus	3
Juiz de Fora	Brazil	3
Teresina	Brazil	3
Canoas	Brazil	3
Botucatu	Brazil	3
Piracicaba	Brazil	3
Ribeirao Preto	Brazil	3
Burnaby	Canada	3
Coquitlam	Canada	3
Hamilton	Canada	3
Oakville	Canada	3
Laval	Canada	3
Bettlach	Switzerland	3
Horgen	Switzerland	3
Tianjin	China	3
Cartago	Costa Rica	3
Heredia	Costa Rica	3
San Jose	Costa Rica	3
Mannheim	Germany	3
Ulm	Germany	3
Walldorf	Germany	3
Oldenburg	Germany	3
Aachen	Germany	3
Bonn	Germany	3
Koblenz	Germany	3
Alexandria	Egypt	3
Damietta	Egypt	3
Seville	Spain	3
Badalona	Spain	3
Castellon de la Plana	Spain	3
Valencia	Spain	3
Tampere	Finland	3
Montpellier	France	3
Amiens	France	3
Aix-en-Provence	France	3
Antibes	France	3
Farnham	United Kingdom	3
Horsham	United Kingdom	3
Stoke-on-Trent	United Kingdom	3
Split	Croatia	3
Thiruvananthapuram	India	3
Puducherry	India	3
Kota	India	3
Dehradun	India	3
Kanpur	India	3
Haifa	Israel	3
Petah Tikva	Israel	3
Rishon LeTsiyon	Israel	3
Palermo	Italy	3
Padua	Italy	3
Chiba	Japan	3
Ichikawa	Japan	3
Kita City	Japan	3
Mitaka	Japan	3
Nerima City	Japan	3
Ota City	Japan	3
Nagoya	Japan	3
Casablanca	Morocco	3
Aguascalientes	Mexico	3
Ecatepec	Mexico	3
Tlalnepantla de Baz	Mexico	3
Hilversum	Netherlands	3
Purmerend	Netherlands	3
Nieuwegein	Netherlands	3
Rawalpindi	Pakistan	3
Pasig	Philippines	3
Olsztyn	Poland	3
Kalisz	Poland	3
Coimbra	Portugal	3
Palmela	Portugal	3
Iasi	Romania	3
Baia Mare	Romania	3
Timisoara	Romania	3
Belgorod	Russia	3
Chelyabinsk	Russia	3
Sochi	Russia	3
Korolyov	Russia	3
Oryol	Russia	3
Vladikavkaz	Russia	3
Riyadh	Saudi Arabia	3
Linkoping	Sweden	3
Vaxjo	Sweden	3
Ivano-Frankivsk	Ukraine	3
Huntsville	United States	3
Madison	United States	3
Gilbert	United States	3
Scottsdale	United States	3
Tempe	United States	3
Danville	United States	3
Escondido	United States	3
Manteca	United States	3
Petaluma	United States	3
Salinas	United States	3
Walnut Creek	United States	3
Miami	United States	3
Marietta	United States	3
Smyrna	United States	3
Centerville	United States	3
Des Moines	United States	3
Iowa City	United States	3
Bedford	United States	3
Louisville	United States	3
Woburn	United States	3
Lutherville-Timonium	United States	3
Kansas City	United States	3
Apex	United States	3
Fargo	United States	3
North Bergen	United States	3
Parsippany-Troy Hills	United States	3
Eugene	United States	3
Nashville	United States	3
McKinney	United States	3
Salt Lake City	United States	3
West Jordan	United States	3
Centreville	United States	3
Chantilly	United States	3
Charlottesville	United States	3
Edmonds	United States	3
Everett	United States	3
Kirkland	United States	3
Redmond	United States	3
Menasha	United States	3
Puchong	Malaysia	3
Ullensaker Municipality	Norway	3
Gwangju-si	South Korea	3
Cajazeiras	Brazil	3
Carapicuiba	Brazil	3
Maringa	Brazil	3
Alwar	India	3
Caseros	Argentina	3
Villa Ballester	Argentina	3
Castelar	Argentina	3
Banfield	Argentina	3
Ringsaker	Norway	3
Barranquilla	Colombia	3
New Cairo City	Egypt	3
Cestas	France	3
Cournon-d'Auvergne	France	3
Thoothukudi	India	3
Apple Valley	United States	3
Fridley	United States	3
North Decatur	United States	3
Oakdale	United States	3
Nis	Serbia	3
Pattaya City	Thailand	3
El Obour City	Egypt	3
Lekki	Nigeria	3
Taquaritinga	Brazil	3
Novo Gama	Brazil	3
Torres	Brazil	3
Franco da Rocha	Brazil	3
La Plata	Argentina	2
Lomas de Zamora	Argentina	2
Bruges	Belgium	2
Roeselare	Belgium	2
La Louviere	Belgium	2
Varna	Bulgaria	2
Maceio	Brazil	2
Feira de Santana	Brazil	2
Juazeiro do Norte	Brazil	2
Divinopolis	Brazil	2
Sete Lagoas	Brazil	2
Campo Grande	Brazil	2
Londrina	Brazil	2
Ponta Grossa	Brazil	2
Passo Fundo	Brazil	2
Chapeco	Brazil	2
Joinville	Brazil	2
Barueri	Brazil	2
Itapetininga	Brazil	2
Jundiai	Brazil	2
Sao Jose do Rio Preto	Brazil	2
St. Albert	Canada	2
Victoria	Canada	2
Halifax	Canada	2
Barrie	Canada	2
London	Canada	2
Milton	Canada	2
Pickering	Canada	2
Richmond Hill	Canada	2
Longueuil	Canada	2
Regina	Canada	2
Bern	Switzerland	2
Basel	Switzerland	2
Fribourg	Switzerland	2
Geneva	Switzerland	2
Plan-les-Ouates	Switzerland	2
Lucerne	Switzerland	2
St. Gallen	Switzerland	2
Gland	Switzerland	2
Stafa	Switzerland	2
Thalwil	Switzerland	2
Nanjing	China	2
Wuxi	China	2
Chongqing	China	2
Limassol	Cyprus	2
Cesky Tesin	Czechia	2
Ettlingen	Germany	2
Filderstadt	Germany	2
Heidelberg	Germany	2
Leonberg	Germany	2
Reutlingen	Germany	2
Sindelfingen	Germany	2
Aschaffenburg	Germany	2
Bad Aibling	Germany	2
Erding	Germany	2
Moosburg	Germany	2
Bremen	Germany	2
Darmstadt	Germany	2
Oberursel	Germany	2
Seevetal	Germany	2
Wedemark	Germany	2
Bielefeld	Germany	2
Siegburg	Germany	2
Sankt Augustin	Germany	2
Alicante	Spain	2
L'Hospitalet de Llobregat	Spain	2
Mataro	Spain	2
Girona	Spain	2
A Coruna	Spain	2
Leganes	Spain	2
Mostoles	Spain	2
Pozuelo de Alarcon	Spain	2
Valladolid	Spain	2
Kuopio	Finland	2
Merignac	France	2
Clermont-Ferrand	France	2
Orleans	France	2
Issy-les-Moulineaux	France	2
Massy	France	2
Rueil-Malmaison	France	2
Lille	France	2
Villeneuve-d'Ascq	France	2
Caen	France	2
Marseille	France	2
Valbonne	France	2
Grenoble	France	2
Basingstoke	United Kingdom	2
Chesham	United Kingdom	2
Croydon	United Kingdom	2
Ipswich	United Kingdom	2
Milton Keynes	United Kingdom	2
Portsmouth	United Kingdom	2
Reading	United Kingdom	2
Royal Tunbridge Wells	United Kingdom	2
Salisbury	United Kingdom	2
Spalding	United Kingdom	2
Stapleford	United Kingdom	2
Belfast	United Kingdom	2
Glasgow	United Kingdom	2
Newport	United Kingdom	2
Miskolc	Hungary	2
Bekasi	Indonesia	2
Malang	Indonesia	2
Pekanbaru	Indonesia	2
Palembang	Indonesia	2
Medan	Indonesia	2
Nellore	India	2
Visakhapatnam	India	2
Jamshedpur	India	2
Vadodara	India	2
Mangalore	India	2
Bhopal	India	2
Udaipur	India	2
Swords	Ireland	2
Naas	Ireland	2
Reykjavik	Iceland	2
Kefar Sava	Israel	2
Ancona	Italy	2
Bologna	Italy	2
Brescia	Italy	2
Selargius	Italy	2
Como	Italy	2
Catania	Italy	2
Florence	Italy	2
Genoa	Italy	2
Monza	Italy	2
Prato	Italy	2
Verona	Italy	2
Sapporo	Japan	2
Kawagoe	Japan	2
Nagareyama	Japan	2
Hachioji	Japan	2
Katsushika City	Japan	2
Machida	Japan	2
Musashino	Japan	2
Sumida City	Japan	2
Tachikawa	Japan	2
Yokosuka	Japan	2
Kyoto	Japan	2
Kishiwada	Japan	2
Moriguchi	Japan	2
Fukuoka	Japan	2
Nur-Sultan	Kazakhstan	2
Ansan-si	South Korea	2
Gunpo-si	South Korea	2
Bucheon-si	South Korea	2
Seogwipo-si	South Korea	2
Daejeon	South Korea	2
Tetouan	Morocco	2
San Nicolas de los Garza	Mexico	2
Shah Alam	Malaysia	2
Almere	Netherlands	2
Apeldoorn	Netherlands	2
Arnhem	Netherlands	2
Geldrop	Netherlands	2
Alkmaar	Netherlands	2
Naarden	Netherlands	2
Deventer	Netherlands	2
Zwolle	Netherlands	2
Amersfoort	Netherlands	2
Bilthoven	Netherlands	2
Veenendaal	Netherlands	2
Mandaluyong	Philippines	2
Bydgoszcz	Poland	2
Nowy Sacz	Poland	2
Piaseczno	Poland	2
Sopot	Poland	2
Bielsko-Biala	Poland	2
Czestochowa	Poland	2
Gliwice	Poland	2
Tychy	Poland	2
Swinoujscie	Poland	2
Braga	Portugal	2
Castelo Branco	Portugal	2
Leiria	Portugal	2
Povoa de Varzim	Portugal	2
Almada	Portugal	2
Montijo	Portugal	2
Pitesti	Romania	2
Brasov	Romania	2
Craiova	Romania	2
Targu Mures	Romania	2
Perm	Russia	2
Penza	Russia	2
Ryazan	Russia	2
Stavropol	Russia	2
Tomsk	Russia	2
Tula	Russia	2
Volgograd	Russia	2
Yaroslavl	Russia	2
Tyreso	Sweden	2
Malmo	Sweden	2
Karlstad	Sweden	2
Damascus	Syria	2
Balikesir	Turkey	2
Bursa	Turkey	2
Zhongli District	Taiwan	2
Dar es Salaam	Tanzania	2
Zaporizhzhia	Ukraine	2
Poltava	Ukraine	2
Carlsbad	United States	2
Cupertino	United States	2
Daly City	United States	2
El Dorado Hills	United States	2
Huntington Beach	United States	2
Lake Forest	United States	2
Los Altos	United States	2
Redondo Beach	United States	2
Riverside	United States	2
San Gabriel	United States	2
San Leandro	United States	2
San Luis Obispo	United States	2
Santa Barbara	United States	2
Santa Monica	United States	2
South San Francisco	United States	2
Stanton	United States	2
Windsor	United States	2
Broomfield	United States	2
Alpharetta	United States	2
Lawrenceville	United States	2
Savannah	United States	2
Snellville	United States	2
Ames	United States	2
Chariton	United States	2
Lisle	United States	2
Wichita	United States	2
Malden	United States	2
Quincy	United States	2
Baltimore	United States	2
Gaithersburg	United States	2
Parkville	United States	2
Rockville	United States	2
Westbrook	United States	2
Brighton	United States	2
Canton	United States	2
Lakeville	United States	2
Independence	United States	2
Cary	United States	2
Mooresville	United States	2
Cleveland	United States	2
Westerville	United States	2
Brentwood	United States	2
Knoxville	United States	2
Fort Worth	United States	2
Lewisville	United States	2
Plano	United States	2
Richardson	United States	2
Lehi	United States	2
Logan	United States	2
Reston	United States	2
Bremerton	United States	2
Issaquah	United States	2
Kent	United States	2
Mercer Island	United States	2
Woodinville	United States	2
Verona	United States	2
Cheyenne	United States	2
Midrand	South Africa	2
Pretoria	South Africa	2
Randburg	South Africa	2
Roodepoort	South Africa	2
Nha Trang	Vietnam	2
Adachi City	Japan	2
Banha	Egypt	2
Sincelejo	Colombia	2
Namyangju-si	South Korea	2
Brunn am Gebirge	Austria	2
Juarez	Mexico	2
Aparecida de Goiania	Brazil	2
Boa Vista	Brazil	2
Caieiras	Brazil	2
Contagem	Brazil	2
Guaruja	Brazil	2
Jau	Brazil	2
Lencois Paulista	Brazil	2
Patos	Brazil	2
Poa	Brazil	2
Praia Grande	Brazil	2
Rio das Ostras	Brazil	2
Sao Jose	Brazil	2
Sao Lourenco da Mata	Brazil	2
Jalandhar	India	2
Jodhpur	India	2
Jhansi	India	2
Bareilly	India	2
Siliguri	India	2
Kakinada	India	2
Thrissur	India	2
Palakkad	India	2
Hosur	India	2
Anantapur	India	2
Dombivli	India	2
Thane	India	2
Sodertalje	Sweden	2
Bien Hoa	Vietnam	2
Lyubertsy	Russia	2
Mytishchi	Russia	2
Bella Vista	Argentina	2
Kongsberg	Norway	2
Melhus Municipality	Norway	2
Sandefjord	Norway	2
Woluwe-Saint-Pierre	Belgium	2
Garching	Germany	2
Riedstadt	Germany	2
Worth am Rhein	Germany	2
Alhaurin de la Torre	Spain	2
Pessac	France	2
Pont-du-Chateau	France	2
Thiais	France	2
Tremblay-en-France	France	2
Greater Noida	India	2
Nagercoil	India	2
Udupi	India	2
Port Klang	Malaysia	2
Assendelft	Netherlands	2
Brookhaven	United States	2
Colesville	United States	2
Creve Coeur	United States	2
Eagan	United States	2
Foster City	United States	2
Golden Valley	United States	2
Lakewood	United States	2
Milwaukie	United States	2
Northborough	United States	2
Shoreview	United States	2
Short Pump	United States	2
St. Louis Park	United States	2
Mataram	Indonesia	2
Taguig	Philippines	2
Zilina	Slovakia	2
Mogilev	Belarus	2
Barysaw	Belarus	2
Luxembourg	Luxembourg	2
Hatfield	United Kingdom	2
North Kuta	Indonesia	2
Jelutong	Malaysia	2
Pak Kret	Thailand	2
Nonthaburi	Thailand	2
10th of Ramadan City	Egypt	2
Puebla	Mexico	2
Long Khanh	Vietnam	2
Moji-Mirim	Brazil	2
Pindamonhangaba	Brazil	2
Ouro Preto	Brazil	2
Bayeux	Brazil	2
Santana do Livramento	Brazil	2
Gaya	India	2
Municipality of Tetovo	North Macedonia	2
Kumbakonam	India	2
Sirsa	India	2
Tirana	Albania	1
Mendoza	Argentina	1
Canberra	Australia	1
Adelaide	Australia	1
Central Coast	Australia	1
Perth	Australia	1
Klagenfurt	Austria	1
Ober-Grafendorf	Austria	1
Pressbaum	Austria	1
Tulln	Austria	1
Wiener Neudorf	Austria	1
Hagenberg	Austria	1
Linz	Austria	1
Steyr	Austria	1
Vocklabruck	Austria	1
Leibnitz	Austria	1
Leoben	Austria	1
Innsbruck	Austria	1
Lustenau	Austria	1
Schaerbeek	Belgium	1
Antwerp	Belgium	1
Lier	Belgium	1
Asse	Belgium	1
Herent	Belgium	1
Hasselt	Belgium	1
Dendermonde	Belgium	1
Lebbeke	Belgium	1
Lokeren	Belgium	1
Sint-Niklaas	Belgium	1
Ostend	Belgium	1
Jodoigne	Belgium	1
Liege	Belgium	1
Burgas	Bulgaria	1
Pleven	Bulgaria	1
Veliko Tarnovo	Bulgaria	1
Vratsa	Bulgaria	1
Smolyan	Bulgaria	1
Sarajevo	Bosnia & Herzegovina	1
Tuzla	Bosnia & Herzegovina	1
Zenica	Bosnia & Herzegovina	1
Macapa	Brazil	1
Jequie	Brazil	1
Santo Antonio de Jesus	Brazil	1
Vitoria da Conquista	Brazil	1
Serra	Brazil	1
Vila Velha	Brazil	1
Alfenas	Brazil	1
Barbacena	Brazil	1
Sao Joao del Rei	Brazil	1
Uberaba	Brazil	1
Dourados	Brazil	1
Belem	Brazil	1
Cascavel	Brazil	1
Umuarama	Brazil	1
Teresopolis	Brazil	1
Mossoro	Brazil	1
Pelotas	Brazil	1
Sao Leopoldo	Brazil	1
Canoinhas	Brazil	1
Criciuma	Brazil	1
Imbituba	Brazil	1
Cotia	Brazil	1
Ipero	Brazil	1
Lorena	Brazil	1
Santos	Brazil	1
Taubate	Brazil	1
Lethbridge	Canada	1
Sherwood Park	Canada	1
Abbotsford	Canada	1
Grand Forks	Canada	1
New Westminster	Canada	1
North Vancouver	Canada	1
Penticton	Canada	1
Port Coquitlam	Canada	1
Winnipeg	Canada	1
Fredericton	Canada	1
Saint John	Canada	1
Aurora	Canada	1
Cambridge	Canada	1
Red Lake	Canada	1
Waterloo	Canada	1
Chambly	Canada	1
Chateauguay	Canada	1
Mont-Saint-Hilaire	Canada	1
Saint-Constant	Canada	1
Saint-Eustache	Canada	1
Vaudreuil-Dorion	Canada	1
Baden	Switzerland	1
Oftringen	Switzerland	1
Windisch	Switzerland	1
Biel/Bienne	Switzerland	1
Meyrin	Switzerland	1
Lugano	Switzerland	1
Ecublens	Switzerland	1
Renens	Switzerland	1
Sion	Switzerland	1
Bulach	Switzerland	1
Dubendorf	Switzerland	1
Kilchberg	Switzerland	1
Regensdorf	Switzerland	1
Wetzikon	Switzerland	1
Osorno	Chile	1
Vina del Mar	Chile	1
Shenyang	China	1
Changzhou	China	1
Haikou	China	1
Kunming	China	1
Pereira	Colombia	1
Cali	Colombia	1
Yumbo	Colombia	1
Alajuela	Costa Rica	1
Nicosia	Cyprus	1
Strovolos	Cyprus	1
Pilsen	Czechia	1
Jihlava	Czechia	1
Kurim	Czechia	1
Prostejov	Czechia	1
Olomouc	Czechia	1
Ostrava	Czechia	1
Hradec Kralove	Czechia	1
Klatovy	Czechia	1
Neuenhagen	Germany	1
Potsdam	Germany	1
Wittstock	Germany	1
Aalen	Germany	1
Freiburg im Breisgau	Germany	1
Friedrichshafen	Germany	1
Goppingen	Germany	1
Kornwestheim	Germany	1
Kunzelsau	Germany	1
Lauffen am Neckar	Germany	1
Mosbach	Germany	1
Oberndorf	Germany	1
Ohringen	Germany	1
Pfullingen	Germany	1
Schorndorf	Germany	1
Schwabisch Hall	Germany	1
Tauberbischofsheim	Germany	1
Weil am Rhein	Germany	1
Weinheim	Germany	1
Weinsberg	Germany	1
Weissach	Germany	1
Aichach	Germany	1
Bad Reichenhall	Germany	1
Bamberg	Germany	1
Bayreuth	Germany	1
Eching	Germany	1
Erlangen	Germany	1
Haar	Germany	1
Ismaning	Germany	1
Kempten	Germany	1
Landsberg am Lech	Germany	1
Neuburg an der Donau	Germany	1
Neumarkt in der Oberpfalz	Germany	1
Pfaffenhofen an der Ilm	Germany	1
Regensburg	Germany	1
Unterhaching	Germany	1
Wurzburg	Germany	1
Dreieich	Germany	1
Eschborn	Germany	1
Frankenberg (Eder)	Germany	1
Gelnhausen	Germany	1
Gross-Zimmern	Germany	1
Hanau	Germany	1
Marburg	Germany	1
Offenbach	Germany	1
Rodgau	Germany	1
Wetzlar	Germany	1
Wiesbaden	Germany	1
Buxtehude	Germany	1
Hamelin	Germany	1
Hildesheim	Germany	1
Leeste	Germany	1
Nienburg	Germany	1
Rinteln	Germany	1
Rotenburg	Germany	1
Syke	Germany	1
Bochum	Germany	1
Bottrop	Germany	1
Castrop-Rauxel	Germany	1
Erkelenz	Germany	1
Eschweiler	Germany	1
Grevenbroich	Germany	1
Haltern am See	Germany	1
Heinsberg	Germany	1
Hurth	Germany	1
Kleve	Germany	1
Mettmann	Germany	1
Mulheim	Germany	1
Neuss	Germany	1
Overath	Germany	1
Rheda-Wiedenbruck	Germany	1
Rosrath	Germany	1
Solingen	Germany	1
Wermelskirchen	Germany	1
Wuppertal	Germany	1
Ingelheim am Rhein	Germany	1
Kaiserslautern	Germany	1
Landau	Germany	1
Mainz	Germany	1
Trier	Germany	1
Flensburg	Germany	1
Kiel	Germany	1
Naumburg	Germany	1
Halberstadt	Germany	1
Halle (Saale)	Germany	1
Landsberg	Germany	1
Magdeburg	Germany	1
Ballerup	Denmark	1
Charlottenlund	Denmark	1
Herlev	Denmark	1
Kastrup	Denmark	1
Olstykke	Denmark	1
Haslev	Denmark	1
Slagelse	Denmark	1
Ronne	Denmark	1
Vejle	Denmark	1
Aarhus	Denmark	1
Cuenca	Ecuador	1
Loja	Ecuador	1
Faiyum	Egypt	1
Asyut	Egypt	1
Tanta	Egypt	1
Almeria	Spain	1
Cordoba	Spain	1
Jaen	Spain	1
Las Rozas de Madrid	Spain	1
Sant Cugat del Valles	Spain	1
Vilanova i la Geltru	Spain	1
Bilbao	Spain	1
Las Arenas	Spain	1
Cadiz	Spain	1
Ciudad Real	Spain	1
Toledo	Spain	1
Santa Cruz de Tenerife	Spain	1
Granollers	Spain	1
Don Benito	Spain	1
Santiago de Compostela	Spain	1
Alcorcon	Spain	1
Palma	Spain	1
Vigo	Spain	1
Espoo	Finland	1
Vantaa	Finland	1
Joensuu	Finland	1
Haguenau	France	1
Strasbourg	France	1
Pau	France	1
Auxerre	France	1
Chalon-sur-Saone	France	1
Dijon	France	1
Cesson-Sevigne	France	1
Saint-Malo	France	1
Chartres	France	1
Tours	France	1
Vendome	France	1
Asnieres-sur-Seine	France	1
Beynes	France	1
Bezons	France	1
Cergy	France	1
Chatou	France	1
Fontenay-le-Fleury	France	1
Guyancourt	France	1
Ivry-sur-Seine	France	1
Montigny-le-Bretonneux	France	1
Pantin	France	1
Roissy-en-France	France	1
Sarcelles	France	1
Saint-Maur-des-Fosses	France	1
Sainte-Genevieve-des-Bois	France	1
Versailles	France	1
Nimes	France	1
Limoges	France	1
Labege	France	1
Marcq-en-Baroeul	France	1
Valenciennes	France	1
Rouen	France	1
Carquefou	France	1
Laval	France	1
Niort	France	1
Cavaillon	France	1
Grasse	France	1
Nice	France	1
Vallauris	France	1
Annecy	France	1
Villeurbanne	France	1
Aveley	United Kingdom	1
Aylesbury	United Kingdom	1
Barnsley	United Kingdom	1
Barrow-in-Furness	United Kingdom	1
Bath	United Kingdom	1
Biggleswade	United Kingdom	1
Bletchley	United Kingdom	1
Borehamwood	United Kingdom	1
Broxbourne	United Kingdom	1
Burgess Hill	United Kingdom	1
Colchester	United Kingdom	1
Didcot	United Kingdom	1
Ferndown	United Kingdom	1
Great Baddow	United Kingdom	1
Guildford	United Kingdom	1
Hailsham	United Kingdom	1
Huddersfield	United Kingdom	1
Letchworth Garden City	United Kingdom	1
Lewes	United Kingdom	1
Liverpool	United Kingdom	1
Macclesfield	United Kingdom	1
Maghull	United Kingdom	1
Maidstone	United Kingdom	1
Newton Abbot	United Kingdom	1
Northampton	United Kingdom	1
Norwich	United Kingdom	1
Nuneaton	United Kingdom	1
Oxted	United Kingdom	1
Peterborough	United Kingdom	1
Pontefract	United Kingdom	1
Poole	United Kingdom	1
Redhill	United Kingdom	1
Rochester	United Kingdom	1
Sale	United Kingdom	1
Southampton	United Kingdom	1
Southend-on-Sea	United Kingdom	1
Stockport	United Kingdom	1
Sutton	United Kingdom	1
Trowbridge	United Kingdom	1
Truro	United Kingdom	1
Wainfleet All Saints	United Kingdom	1
Wakefield	United Kingdom	1
Walton-on-Thames	United Kingdom	1
Wembley	United Kingdom	1
West Moors	United Kingdom	1
Weybridge	United Kingdom	1
Wigan	United Kingdom	1
Woking	United Kingdom	1
Londonderry	United Kingdom	1
Aberdeen	United Kingdom	1
Ayr	United Kingdom	1
Cumbernauld	United Kingdom	1
Dundee	United Kingdom	1
Dunfermline	United Kingdom	1
Kirkintilloch	United Kingdom	1
Livingston	United Kingdom	1
Bridgend	United Kingdom	1
Llangefni	United Kingdom	1
Swansea	United Kingdom	1
Chania	Greece	1
Szeged	Hungary	1
Gyor	Hungary	1
Esztergom	Hungary	1
Dunakeszi	Hungary	1
Szigetszentmiklos	Hungary	1
Siofok	Hungary	1
Zalaegerszeg	Hungary	1
Semarang	Indonesia	1
Rajkot	India	1
Panipat	India	1
Shivamogga	India	1
Nagpur	India	1
Nanded	India	1
Amritsar	India	1
Madurai	India	1
Prayagraj	India	1
Cork	Ireland	1
Galway	Ireland	1
Sligo	Ireland	1
Urmia	Iran	1
Isfahan	Iran	1
Yazd	Iran	1
Sulaymaniyah	Iraq	1
Baghdad	Iraq	1
Eilat	Israel	1
Netanya	Israel	1
Ra'anana	Israel	1
Rehovot	Israel	1
Ramat Gan	Israel	1
Hatzor HaGlilit	Israel	1
Ascoli Piceno	Italy	1
Porto San Giorgio	Italy	1
Bergamo	Italy	1
Ghedi	Italy	1
Quartu Sant'Elena	Italy	1
Fossano	Italy	1
Mariano Comense	Italy	1
Acireale	Italy	1
Cesena	Italy	1
Cernusco sul Naviglio	Italy	1
Naples	Italy	1
Gozzano	Italy	1
Montesilvano	Italy	1
Umbertide	Italy	1
Pordenone	Italy	1
Parma	Italy	1
Ragusa	Italy	1
Sassari	Italy	1
Trento	Italy	1
Ivrea	Italy	1
Viterbo	Italy	1
Goshogawara	Japan	1
Hirosaki	Japan	1
Sendai	Japan	1
Koga	Japan	1
Mito	Japan	1
Higashimatsuyama	Japan	1
Kawaguchi	Japan	1
Kuki	Japan	1
Soka	Japan	1
Funabashi	Japan	1
Kashiwa	Japan	1
Matsudo	Japan	1
Narashino	Japan	1
Chofu	Japan	1
Higashikurume	Japan	1
Higashimurayama	Japan	1
Hino	Japan	1
Kodaira	Japan	1
Taito City	Japan	1
Ebina	Japan	1
Fujisawa	Japan	1
Niigata	Japan	1
Nirasaki	Japan	1
Saku	Japan	1
Shizuoka	Japan	1
Yokkaichi	Japan	1
Kadoma	Japan	1
Amagasaki	Japan	1
Nishinomiya	Japan	1
Phnom Penh	Cambodia	1
Cheonan-si	South Korea	1
Jeonju-si	South Korea	1
Gwacheon-si	South Korea	1
Iksan	South Korea	1
Pyeongtaek-si	South Korea	1
Siheung-si	South Korea	1
Daegu	South Korea	1
Galle	Sri Lanka	1
Tangier	Morocco	1
Mexicali	Mexico	1
Chihuahua	Mexico	1
Ciudad Juarez	Mexico	1
Tuxtla Gutierrez	Mexico	1
Guadalajara	Mexico	1
Zapopan	Mexico	1
Tenancingo	Mexico	1
Toluca	Mexico	1
Monterrey	Mexico	1
Culiacan	Mexico	1
Los Mochis	Mexico	1
Hermosillo	Mexico	1
Merida	Mexico	1
Kajang	Malaysia	1
Kota Kinabalu	Malaysia	1
Sandakan	Malaysia	1
Noumea	New Caledonia	1
Assen	Netherlands	1
Urk	Netherlands	1
Ede	Netherlands	1
Epe	Netherlands	1
Geldermalsen	Netherlands	1
Lichtenvoorde	Netherlands	1
Nijkerk	Netherlands	1
Nijmegen	Netherlands	1
Groningen	Netherlands	1
Etten-Leur	Netherlands	1
Helmond	Netherlands	1
Uden	Netherlands	1
Veldhoven	Netherlands	1
Beverwijk	Netherlands	1
Castricum	Netherlands	1
Diemen	Netherlands	1
Heemstede	Netherlands	1
Heerhugowaard	Netherlands	1
Hoofddorp	Netherlands	1
Uitgeest	Netherlands	1
Almelo	Netherlands	1
Haaksbergen	Netherlands	1
Nijverdal	Netherlands	1
Doorn	Netherlands	1
Houten	Netherlands	1
Wijk bij Duurstede	Netherlands	1
Alphen aan den Rijn	Netherlands	1
Delft	Netherlands	1
Naaldwijk	Netherlands	1
Voorburg	Netherlands	1
Waddinxveen	Netherlands	1
Wassenaar	Netherlands	1
Zoetermeer	Netherlands	1
Kathmandu	Nepal	1
Islamabad	Pakistan	1
Chimbote	Peru	1
Cusco	Peru	1
Moquegua	Peru	1
Manila	Philippines	1
Muntinlupa	Philippines	1
Wloclawek	Poland	1
Gorzow Wielkopolski	Poland	1
Swiebodzin	Poland	1
Pabianice	Poland	1
Skierniewice	Poland	1
Bochnia	Poland	1
Gorlice	Poland	1
Skawina	Poland	1
Opole	Poland	1
Przemysl	Poland	1
Gdynia	Poland	1
Wejherowo	Poland	1
Chorzow	Poland	1
Sosnowiec	Poland	1
Wadowice	Poland	1
Zabrze	Poland	1
Gizycko	Poland	1
Gostyn	Poland	1
Srem	Poland	1
Swidwin	Poland	1
Aveiro	Portugal	1
Ilhavo	Portugal	1
Sangalhos	Portugal	1
Guimaraes	Portugal	1
Vila Nova de Famalicao	Portugal	1
Alverca do Ribatejo	Portugal	1
Amadora	Portugal	1
Sintra	Portugal	1
Maia	Portugal	1
Setubal Municipality	Portugal	1
Asuncion	Paraguay	1
Pape'ete	French Polynesia	1
Bacau	Romania	1
Oradea	Romania	1
Bistrita	Romania	1
Constanta	Romania	1
Targoviste	Romania	1
Ploiesti	Romania	1
Suceava	Romania	1
Barnaul	Russia	1
Arkhangelsk	Russia	1
Astrakhan	Russia	1
Magnitogorsk	Russia	1
Ivanovo	Russia	1
Prokopyevsk	Russia	1
Kaliningrad	Russia	1
Surgut	Russia	1
Abakan	Russia	1
Dedovsk	Russia	1
Kolomna	Russia	1
Odintsovo	Russia	1
Pushkino	Russia	1
Berdsk	Russia	1
Orenburg	Russia	1
Vladivostok	Russia	1
Pskov	Russia	1
Velikiye Luki	Russia	1
Shakhty	Russia	1
Tyumen	Russia	1
Cherepovets	Russia	1
San Salvador	El Salvador	1
Huddinge	Sweden	1
Jakobsberg	Sweden	1
Upplands Vasby	Sweden	1
Umea	Sweden	1
Enkoping	Sweden	1
Uppsala	Sweden	1
Strangnas	Sweden	1
Kalmar	Sweden	1
Karlskrona	Sweden	1
Ronneby	Sweden	1
Helsingborg	Sweden	1
Landskrona	Sweden	1
Lund	Sweden	1
Halmstad	Sweden	1
Alingsas	Sweden	1
Kungalv	Sweden	1
Hallstahammar	Sweden	1
Vasteras	Sweden	1
Gavle	Sweden	1
Ornskoldsvik	Sweden	1
Antalya	Turkey	1
Eskisehir	Turkey	1
Mersin	Turkey	1
Kayseri	Turkey	1
Trabzon	Turkey	1
Yilan City	Taiwan	1
Kampala	Uganda	1
Lutsk	Ukraine	1
Kryvyi Rih	Ukraine	1
Donetsk	Ukraine	1
Zhytomyr	Ukraine	1
Kherson	Ukraine	1
Khmelnytskyi	Ukraine	1
Chernihiv	Ukraine	1
Apache Junction	United States	1
Arizona City	United States	1
Chandler	United States	1
Marana	United States	1
Alhambra	United States	1
Anaheim	United States	1
Antioch	United States	1
Arroyo Grande	United States	1
Baldwin Park	United States	1
Campbell	United States	1
Chula Vista	United States	1
Costa Mesa	United States	1
Crescent City	United States	1
Cypress	United States	1
Elk Grove	United States	1
Folsom	United States	1
Fontana	United States	1
Glendale	United States	1
Hayward	United States	1
Laguna Beach	United States	1
Livermore	United States	1
Manhattan Beach	United States	1
Milpitas	United States	1
Mission Viejo	United States	1
Montebello	United States	1
Palo Alto	United States	1
Pleasant Hill	United States	1
Richmond	United States	1
Sacramento	United States	1
San Bruno	United States	1
San Lorenzo	United States	1
San Marcos	United States	1
San Rafael	United States	1
Santa Cruz	United States	1
South Lake Tahoe	United States	1
South Pasadena	United States	1
Temecula	United States	1
Torrance	United States	1
Union City	United States	1
Upland	United States	1
Vacaville	United States	1
West Sacramento	United States	1
Yorba Linda	United States	1
Arvada	United States	1
Brighton	United States	1
Colorado Springs	United States	1
Edwards	United States	1
Greeley	United States	1
Idaho Springs	United States	1
Longmont	United States	1
Salida	United States	1
Westminster	United States	1
Winter Park	United States	1
Greenwich	United States	1
New Canaan	United States	1
Stamford	United States	1
Crestview	United States	1
Hialeah	United States	1
Land O' Lakes	United States	1
Largo	United States	1
Melbourne	United States	1
Pinellas Park	United States	1
Pompano Beach	United States	1
Tallahassee	United States	1
Vero Beach	United States	1
Weston	United States	1
Albany	United States	1
Braselton	United States	1
Duluth	United States	1
Kennesaw	United States	1
Suwanee	United States	1
Kapolei	United States	1
Pukalani	United States	1
Cedar Rapids	United States	1
Meridian	United States	1
Arlington Heights	United States	1
Buffalo Grove	United States	1
Carol Stream	United States	1
Champaign	United States	1
Downers Grove	United States	1
Elgin	United States	1
Evanston	United States	1
Glenview	United States	1
Hoffman Estates	United States	1
La Grange	United States	1
Lake Zurich	United States	1
Libertyville	United States	1
McHenry	United States	1
Mount Prospect	United States	1
Mundelein	United States	1
Niles	United States	1
Northbrook	United States	1
River Forest	United States	1
Romeoville	United States	1
Roselle	United States	1
Schaumburg	United States	1
Vernon Hills	United States	1
Warrenville	United States	1
Westmont	United States	1
Wheeling	United States	1
Winnetka	United States	1
Woodstock	United States	1
Carmel	United States	1
Fishers	United States	1
Jeffersonville	United States	1
Westfield	United States	1
Lawrence	United States	1
Lexington	United States	1
New Orleans	United States	1
Beverly	United States	1
Cambridge	United States	1
Carlisle	United States	1
Chelsea	United States	1
Concord	United States	1
Edgartown	United States	1
Lexington	United States	1
Lowell	United States	1
Marlborough	United States	1
Medford	United States	1
Milton	United States	1
Needham	United States	1
Norwood	United States	1
Waltham	United States	1
Watertown	United States	1
Westford	United States	1
Weymouth	United States	1
Winchester	United States	1
Annapolis	United States	1
Annapolis Junction	United States	1
Bethesda	United States	1
Chevy Chase	United States	1
Germantown	United States	1
Glen Burnie	United States	1
Olney	United States	1
Salisbury	United States	1
Auburn	United States	1
Portland	United States	1
Clinton Township	United States	1
Dearborn	United States	1
Detroit	United States	1
Fraser	United States	1
Lansing	United States	1
Lincoln Park	United States	1
Andover	United States	1
Buffalo	United States	1
Cambridge	United States	1
Chanhassen	United States	1
Hastings	United States	1
Jordan	United States	1
Montevideo	United States	1
Prior Lake	United States	1
Rochester	United States	1
Rosemount	United States	1
Savage	United States	1
Shakopee	United States	1
Saint Michael	United States	1
Stillwater	United States	1
O'Fallon	United States	1
St. Louis	United States	1
Wentzville	United States	1
Columbus	United States	1
Natchez	United States	1
Billings	United States	1
Helena	United States	1
Missoula	United States	1
Asheville	United States	1
Burlington	United States	1
Mount Pleasant	United States	1
Omaha	United States	1
Candia	United States	1
Pelham	United States	1
Portsmouth	United States	1
Cherry Hill	United States	1
Clifton	United States	1
Collingswood	United States	1
Cranford	United States	1
East Brunswick	United States	1
Fair Lawn	United States	1
Jackson Township	United States	1
Linden	United States	1
Livingston	United States	1
Long Branch	United States	1
Long Valley	United States	1
Milford	United States	1
Monroe Township	United States	1
Mount Laurel Township	United States	1
Newark	United States	1
Paramus	United States	1
South Plainfield	United States	1
Summit	United States	1
Incline Village	United States	1
Las Vegas	United States	1
Reno	United States	1
Sparks	United States	1
Central Islip	United States	1
Elmont	United States	1
Fairport	United States	1
Mineola	United States	1
New Rochelle	United States	1
Peekskill	United States	1
Pulaski	United States	1
Rensselaer	United States	1
Webster	United States	1
White Plains	United States	1
Yorktown Heights	United States	1
Amelia	United States	1
Hilliard	United States	1
Springboro	United States	1
Oklahoma City	United States	1
Bend	United States	1
Oregon City	United States	1
St. Helens	United States	1
West Linn	United States	1
Bethlehem	United States	1
Breinigsville	United States	1
Devault	United States	1
Downingtown	United States	1
Drexel Hill	United States	1
Perkasie	United States	1
Reading	United States	1
Washington	United States	1
Woonsocket	United States	1
Greenville	United States	1
West Columbia	United States	1
Henderson	United States	1
Memphis	United States	1
Norris	United States	1
Allen	United States	1
Cedar Park	United States	1
College Station	United States	1
Denton	United States	1
Dripping Springs	United States	1
Grapevine	United States	1
North Richland Hills	United States	1
Palacios	United States	1
Pearland	United States	1
Pharr	United States	1
Seguin	United States	1
Sherman	United States	1
Sugar Land	United States	1
American Fork	United States	1
Bountiful	United States	1
Orem	United States	1
Provo	United States	1
Riverton	United States	1
Roy	United States	1
Springville	United States	1
Arlington	United States	1
Boydton	United States	1
Norfolk	United States	1
Richmond	United States	1
Round Hill	United States	1
Vienna	United States	1
Bothell	United States	1
Ephrata	United States	1
Kenmore	United States	1
Lakewood	United States	1
Liberty Lake	United States	1
Quincy	United States	1
Silverdale	United States	1
Tacoma	United States	1
Vancouver	United States	1
Madison	United States	1
Menomonee Falls	United States	1
Tashkent	Uzbekistan	1
Barinas	Venezuela	1
Maturin	Venezuela	1
Podgorica	Montenegro	1
Hagen	Germany	1
Varazdin	Croatia	1
Amanzimtoti	South Africa	1
Hartbeespoort	South Africa	1
Paarl	South Africa	1
Soweto	South Africa	1
Havirov	Czechia	1
Ricany	Czechia	1
Senov	Czechia	1
Armenia	Colombia	1
Chia	Colombia	1
Cucuta	Colombia	1
Dosquebradas	Colombia	1
Ibague	Colombia	1
Tunja	Colombia	1
Subang Jaya	Malaysia	1
Ringerike Municipality	Norway	1
Boyarka	Ukraine	1
Brovary	Ukraine	1
Hrebinka	Ukraine	1
Chornomorsk	Ukraine	1
Irpin'	Ukraine	1
Kalush	Ukraine	1
Mukachevo	Ukraine	1
Rivne	Ukraine	1
Birmenstorf	Switzerland	1
Locarno	Switzerland	1
Oberglatt	Switzerland	1
Guri-si	South Korea	1
Gwangmyeong-si	South Korea	1
Hwaseong-si	South Korea	1
Icheon-si	South Korea	1
Seosan-si	South Korea	1
Yeongi-gun	South Korea	1
Suonenjoki	Finland	1
Bad Goisern	Austria	1
Timelkam	Austria	1
Unterweitersdorf	Austria	1
Bedzin	Poland	1
Kety	Poland	1
Namyslow	Poland	1
Otwock	Poland	1
Strzelin	Poland	1
Zywiec	Poland	1
Ciudad Guzman	Mexico	1
Cardenas	Mexico	1
Alvorada	Brazil	1
Anapolis	Brazil	1
Ararangua	Brazil	1
Araripina	Brazil	1
Aruja	Brazil	1
Balneario Camboriu	Brazil	1
Barra Bonita	Brazil	1
Bom Jesus dos Perdoes	Brazil	1
Cachoeirinha	Brazil	1
Campo Bom	Brazil	1
Diadema	Brazil	1
Duque de Caxias	Brazil	1
Foz do Iguacu	Brazil	1
Francisco Beltrao	Brazil	1
Gaspar	Brazil	1
Gravatai	Brazil	1
Guarapari	Brazil	1
Ibirite	Brazil	1
Irati	Brazil	1
Itapecerica da Serra	Brazil	1
Itapevi	Brazil	1
Itaquaquecetuba	Brazil	1
Itu	Brazil	1
Jandaia do Sul	Brazil	1
Joao Monlevade	Brazil	1
Lagoa Santa	Brazil	1
Lauro de Freitas	Brazil	1
Mariana	Brazil	1
Nova Lima	Brazil	1
Ortigueira	Brazil	1
Paranaiba	Brazil	1
Patos de Minas	Brazil	1
Porto Seguro	Brazil	1
Ribeirao das Neves	Brazil	1
Salto	Brazil	1
Santos Dumont	Brazil	1
Sao Jose de Ribamar	Brazil	1
Sao Joao de Meriti	Brazil	1
Sao Pedro da Aldeia	Brazil	1
Taboao da Serra	Brazil	1
Tanabi	Brazil	1
Tijucas	Brazil	1
Varginha	Brazil	1
Vespasiano	Brazil	1
Varzea Paulista	Brazil	1
Budaors	Hungary	1
Isaszeg	Hungary	1
Soltvadkert	Hungary	1
Vecses	Hungary	1
Veresegyhaz	Hungary	1
Haaltert	Belgium	1
Forest	Belgium	1
Shimla	India	1
Jammu	India	1
Nadiad	India	1
Ajmer	India	1
Agra	India	1
Gorakhpur	India	1
Ranchi	India	1
Guntur	India	1
Tirunelveli	India	1
Jalgaon	India	1
Nashik	India	1
Vapi	India	1
Ulhasnagar	India	1
Mira Bhayandar	India	1
Ulricehamn	Sweden	1
Botkyrka	Sweden	1
Luzhu District	Taiwan	1
Hualien City	Taiwan	1
Yuanlin City	Taiwan	1
Changhua City	Taiwan	1
Thanh Hoa	Vietnam	1
Djong Ha	Vietnam	1
Phan Rang–Thap Cham	Vietnam	1
Lukhovitsy	Russia	1
Voskresensk	Russia	1
Cheboksary	Russia	1
Dolgoprudny	Russia	1
Krasnogorsk	Russia	1
Klin	Russia	1
Tikhvin	Russia	1
Chita	Russia	1
Florencio Varela	Argentina	1
Jose C. Paz	Argentina	1
Benavidez	Argentina	1
Tigre	Argentina	1
Munro	Argentina	1
Olivos	Argentina	1
Villa Maipu	Argentina	1
Ituzaingo	Argentina	1
San Justo	Argentina	1
Ramos Mejia	Argentina	1
La Tablada	Argentina	1
Bragado	Argentina	1
Drammen Municipality	Norway	1
Holmestrand Municipality	Norway	1
Kongsvinger Municipality	Norway	1
Kristiansand Municipality	Norway	1
Kvam Municipality	Norway	1
Lorenskog Municipality	Norway	1
Moss	Norway	1
Notodden Municipality	Norway	1
Sarpsborg Municipality	Norway	1
Stange Municipality	Norway	1
Stavanger Municipality	Norway	1
Tvedestrand Municipality	Norway	1
Vestby Municipality	Norway	1
Lemi	Finland	1
Sankt Florian am Inn	Austria	1
Chirpan	Bulgaria	1
Lower Sackville	Canada	1
Bussigny-pres-Lausanne	Switzerland	1
Cheseaux-sur-Lausanne	Switzerland	1
Mettmenstetten	Switzerland	1
Quilpue	Chile	1
Revnice	Czechia	1
Bernau bei Berlin	Germany	1
Biberach	Germany	1
Drensteinfurt	Germany	1
Falkensee	Germany	1
Freigericht	Germany	1
Heilbad Heiligenstadt	Germany	1
Hessisch Oldendorf	Germany	1
Karlsdorf-Neuthard	Germany	1
Konigs Wusterhausen	Germany	1
Langenhagen	Germany	1
Lich	Germany	1
Ludwigsfelde	Germany	1
Marienberg	Germany	1
Markkleeberg	Germany	1
Mettlach	Germany	1
Mockmuhl	Germany	1
Pfinztal	Germany	1
Philippsburg	Germany	1
Schloss Holte-Stukenbrock	Germany	1
Weisenheim am Sand	Germany	1
Weissenfels	Germany	1
Wesseling	Germany	1
6th of October City	Egypt	1
Alcoi	Spain	1
Alzira	Spain	1
la Vall d'Uixo	Spain	1
Tres Cantos	Spain	1
Beuvry	France	1
Cassis	France	1
Chevreuse	France	1
Eysines	France	1
Floirac	France	1
Fonsorbes	France	1
Gretz-Armainvilliers	France	1
Houilles	France	1
Ingre	France	1
Issoire	France	1
Jouy-le-Moutier	France	1
L'Isle-d'Abeau	France	1
L'Isle-sur-la-Sorgue	France	1
Lambersart	France	1
Pontoise	France	1
Saint-Denis	France	1
Seysses	France	1
Villenave-d'Ornon	France	1
Vizille	France	1
Melbourn	United Kingdom	1
Pardes Hanna-Karkur	Israel	1
Ambala Cantt	India	1
Bhiwandi	India	1
Hoshiarpur	India	1
Howrah	India	1
Jharsuguda	India	1
Nizamabad	India	1
Ongole	India	1
Rishikesh	India	1
Nilai	Malaysia	1
's-Gravenzande	Netherlands	1
Berkel en Rodenrijs	Netherlands	1
Driebruggen	Netherlands	1
Kudelstaart	Netherlands	1
Maurik	Netherlands	1
Nootdorp	Netherlands	1
Wanaka	New Zealand	1
Kornik	Poland	1
Sao Cosme	Portugal	1
Domodedovo	Russia	1
Kotelniki	Russia	1
Kraskovo	Russia	1
Snezhinsk	Russia	1
Bay Lake	United States	1
Beckett Ridge	United States	1
Bel Air North	United States	1
Blaine	United States	1
Boonton Township	United States	1
Brambleton	United States	1
Brooklyn Park	United States	1
Casas Adobes	United States	1
College Park	United States	1
Cooper City	United States	1
Cutler Bay	United States	1
Dale City	United States	1
Delhi	United States	1
East Point	United States	1
Eldersburg	United States	1
Evesham	United States	1
Forest Park	United States	1
Hawthorn Woods	United States	1
Hialeah Gardens	United States	1
Highlands Ranch	United States	1
Hooksett	United States	1
Huron Charter Township	United States	1
Ipswich	United States	1
Irondequoit	United States	1
Kendall West	United States	1
Kenwood	United States	1
Kings Point	United States	1
Lakeland Highlands	United States	1
Lakeway	United States	1
Lauderhill	United States	1
Lawrence Township	United States	1
Meadow Woods	United States	1
Mettawa	United States	1
Monroe	United States	1
Montrose-Ghent	United States	1
Mount Lebanon	United States	1
Nolensville	United States	1
North Druid Hills	United States	1
Pinecrest	United States	1
Plantation	United States	1
Rochester Hills	United States	1
Sandalfoot Cove	United States	1
Sandwich	United States	1
Sandy Springs	United States	1
Saratoga Springs	United States	1
South Hill	United States	1
Sugar Hill	United States	1
Sunrise	United States	1
Superior	United States	1
Thornton	United States	1
Union Hill-Novelty Hill	United States	1
Webster Groves	United States	1
Wells Branch	United States	1
West Goshen	United States	1
West Saint Paul	United States	1
West Valley City	United States	1
West Windsor Township	United States	1
Wyoming	United States	1
Ca Mau	Vietnam	1
Soc Trang	Vietnam	1
Hoi An	Vietnam	1
Azumino	Japan	1
Okuizumo	Japan	1
Toda	Japan	1
Serang	Indonesia	1
Purwokerto	Indonesia	1
Surakarta	Indonesia	1
Pontianak	Indonesia	1
Bukittinggi	Indonesia	1
Alanya	Turkey	1
Luleburgaz	Turkey	1
Sakarya	Turkey	1
Soke	Turkey	1
Tekirdag	Turkey	1
Calamba	Philippines	1
Antipolo	Philippines	1
Imus	Philippines	1
Lipa	Philippines	1
Heraklion	Greece	1
Acharnes	Greece	1
Peristeri	Greece	1
Jonava	Lithuania	1
Ogre	Latvia	1
Maribor	Slovenia	1
Kosice	Slovakia	1
Nitra	Slovakia	1
Trnava	Slovakia	1
Babruysk	Belarus	1
Taldykorgan	Kazakhstan	1
Balti	Moldova	1
Maseru	Lesotho	1
Oxelosund	Sweden	1
Dakar	Senegal	1
Magstadt	Germany	1
Weilerswist	Germany	1
Bad Nenndorf	Germany	1
Langley Township	Canada	1
Cileungsi	Indonesia	1
Ambarawa	Indonesia	1
Lunas	Malaysia	1
Ayer Keroh	Malaysia	1
Oygarden Municipality	Norway	1
Sigdal Municipality	Norway	1
Hat Yai	Thailand	1
Lampang	Thailand	1
Chiang Mai	Thailand	1
Nakhon Pathom	Thailand	1
Nakhon Ratchasima	Thailand	1
Khon Kaen	Thailand	1
Wilton	United States	1
Rockport	United States	1
North Canaan	United States	1
Badr City	Egypt	1
Shebeen El-Kom	Egypt	1
Athi River	Kenya	1
Vacoas-Phoenix	Mauritius	1
Sfax	Tunisia	1
Sousse	Tunisia	1
Cuautitlan	Mexico	1
Hacienda Santa Fe	Mexico	1
Santa Cruz del Valle	Mexico	1
Valle de Chalco	Mexico	1
San Mateo Atenco	Mexico	1
La Canada	Mexico	1
San Miguel Ajusco	Mexico	1
La Paz	Mexico	1
San Miguel Zinacantepec	Mexico	1
Ciudad Apodaca	Mexico	1
Tonala	Mexico	1
Narayanganj	Bangladesh	1
Tam Ky	Vietnam	1
Lavras	Brazil	1
Votorantim	Brazil	1
Porto Belo	Brazil	1
Pederneiras	Brazil	1
Cornelio Procopio	Brazil	1
Pacajus	Brazil	1
Monte Mor	Brazil	1
Artur Nogueira	Brazil	1
Garca	Brazil	1
Sabara	Brazil	1
Itaguai	Brazil	1
Candeias	Brazil	1
Ibate	Brazil	1
Cidade Ocidental	Brazil	1
Confins	Brazil	1
Xangri-la	Brazil	1
Amargosa	Brazil	1
Salam	Indonesia	1
Cangkuang	Indonesia	1
Khao Khansong	Thailand	1
Bang Khu Wat	Thailand	1
Bueng Kham Phroi	Thailand	1
Yuzhnyy	Russia	1
Nala Sopara	India	1
Vattamkulam	India	1
Moga	India	1
Taliparamba	India	1
Bulandshahr	India	1
Ujjain	India	1
Belda	India	1
Jaora	India	1
Itarsi	India	1
Sattur	India	1
Hassan	India	1
Tirur	India	1
Raniganj	India	1
Kovvur	India	1
Godhra	India	1
Thalassery	India	1
Dahanu	India	1
Sultanpur	India	1
Bihar Sharif	India	1
Panagarh	India	1
Chandrapur	India	1
Pachora	India	1
Edappal	India	1
Irinjalakuda	India	1
Bagalkot	India	1
